PRAGMA foreign_keys = ON;

INSERT INTO building(id, building_name, building_address_number, building_street, building_city, building_state, building_zip, building_lat, building_long, building_record_number, num_bathrooms) VALUES
('0', 'BURNHAM HOUSE', '1610', 'WASHINGTON HTS', 'ANN ARBOR', 'MI', '48104-1700', '42.2804539', '-83.7278092', '1000010', 11),
('1', 'SOCCER TICKET BUILDING', '2364', 'STATE ST', 'ANN ARBOR', 'MI', '48109', '42.252234', '-83.7397101', '1005401', 0),
('2', 'CRAM PLACE COMMUNITY CENTER', '2150', 'CRAM PL', 'ANN ARBOR', 'MI', '48105-2206', '42.2967772', '-83.7161759', '1000498', 17),
('3', 'GOLF COURSE GARAGE', '500', 'STADIUM BLVD', 'ANN ARBOR', 'MI', '48104-3700', '42.2642009', '-83.7536208', '1000741', 0),
('4', 'ZINA PITCHER PARKING STRUCTURE', '207', 'ZINA PITCHER PL', 'ANN ARBOR', 'MI', '48104', '42.2824352', '-83.7336362', '1005580', 0),
('5', 'MICHIGAN MARCHING BAND TEMPORARY TRAILER', '613', 'FIFTH AVE', 'ANN ARBOR', 'MI', '48104', '42.2862296', '-83.745874', '1005570', 0),
('6', 'FIRST NATIONAL BUILDING', '201', 'MAIN ST', 'ANN ARBOR', 'MI', '48104', '0.0', '0.0', '1005502', 0),
('7', 'AIRPORT PLAZA - 3815 PLAZA DRIVE', '3815', 'PLAZA DR', 'ANN ARBOR', 'MI', '48108-1655', '0.0', '0.0', '1008102', 0),
('8', '214 S STATE ST', '214', 'STATE ST', 'ANN ARBOR', 'MI', '48104', '42.2801174', '-83.7409366', '1005351', 0),
('9', '320 W ANN', '320', 'ANN ST', 'ANN ARBOR', 'MI', '48104-1337', '42.2821917', '-83.745401', '1008157', 0),
('10', 'GLICK AL FIELD HOUSE', '1300', 'STATE ST', 'ANN ARBOR', 'MI', '48109-2209', '42.265708', '-83.740577', '1005121', 4),
('11', '324  JOHN ST', '324', 'JOHN ST', 'ANN ARBOR', 'MI', '48104', '42.2731141', '-83.7454266', '1005543', 0),
('12', '300 N INGALLS BUILDING', '300', 'INGALLS ST', 'ANN ARBOR', 'MI', '48109-5400', '42.283485', '-83.7378144', '1000332', 18),
('13', 'ROSS SCHOOL OF BUSINESS BUILDING', '701', 'TAPPAN ST', 'ANN ARBOR', 'MI', '48109', '0.0', '0.0', '1005188', 41),
('14', 'MCITY STORAGE', '2907', 'BAXTER RD', 'ANN ARBOR', 'MI', '48109', '42.2975327', '-83.7042323', '1005442', 0),
('15', 'BEYSTER BOB AND BETTY BUILDING', '2260', 'HAYWARD ST', 'ANN ARBOR', 'MI', '48109-2121', '42.2930171', '-83.7163456', '1005092', 13),
('16', 'COOK JOHN P BUILDING', '551', 'STATE ST', 'ANN ARBOR', 'MI', '48109-1208', '42.2744328', '-83.7401474', '1000109', 0),
('17', 'FACILITIES SERVICES BUILDING C', '1201', 'KIPKE DR', 'ANN ARBOR', 'MI', '48109-2037', '42.2664585', '-83.7457423', '1000802', 3),
('18', 'MICHIGAN STADIUM NORTH PLAZA BUILDING B', '102', 'KEECH AVE', 'ANN ARBOR', 'MI', '48109', '42.2676338', '-83.7484859', '1005243', 3),
('19', 'WEISFELD FAMILY GOLF CENTER', '2119', 'MAIN LN', 'ANN ARBOR', 'MI', '48103', '0.0', '0.0', '1005319', 2),
('20', 'HILL ST PARKING STRUCTURE', '1001', 'HILL ST', 'ANN ARBOR', 'MI', '48104-3309', '42.272093', '-83.7368343', '1000253', 0),
('21', '555 SOUTH FOREST BUILDING', '555', 'FOREST AVE', 'ANN ARBOR', 'MI', '48104-2584', '42.2753108', '-83.732837', '1000879', 0),
('22', 'BRIARWOOD 9', '1901', 'BRIARWOOD CIR', 'ANN ARBOR', 'MI', '48108-1679', '42.2431258', '-83.7497049', '1008142', 18),
('23', 'MADISON BUILDING', '109', 'MADISON ST', 'ANN ARBOR', 'MI', '48104-2943', '42.274334', '-83.7478692', '1000858', 6),
('24', 'FORD MOTOR COMPANY ROBOTICS BUILDING', '2505', 'HAYWARD ST', 'ANN ARBOR', 'MI', '48109', '42.2945915', '-83.7094127', '1005418', 9),
('25', 'WEST QUADRANGLE', '541', 'THOMPSON ST', 'ANN ARBOR', 'MI', '48109-1360', '42.2749075', '-83.7425634', '1000066', 5),
('26', 'CANHAM DONALD B NATATORIUM', '500', 'HOOVER AVE', 'ANN ARBOR', 'MI', '48104-3715', '42.2695488', '-83.7434268', '1000718', 4),
('27', 'CENTRAL CAMPUS RESIDENTIAL DEVELOPMENT BUILDING 3', '920', 'DIVISION ST', 'ANN ARBOR', 'MI', '48109', '42.2705392', '-83.7445048', '1005616', 0),
('28', 'OH PLANT SERVICE', '629', 'OXFORD RD', 'ANN ARBOR', 'MI', '48109', '42.274214', '-83.725933', '1000047', 1),
('29', 'STAMPS AUDITORIUM', '1226', 'MURFIN AVE', 'ANN ARBOR', 'MI', '48109', '42.2919567', '-83.7174266', '1005224', 2),
('30', 'NORTH CAMPUS RESEARCH COMPLEX BUILDING 85', '2800', 'PLYMOUTH RD', 'ANN ARBOR', 'MI', '48109-2800', '42.3024883', '-83.7057586', '1005274', 0),
('31', 'REC SPORTS ADV LEADERSHIP RENTAL CTR OFFICES TRLR', '613', 'FIFTH AVE', 'ANN ARBOR', 'MI', '48104', '42.2862296', '-83.745874', '1005569', 0),
('32', '3915 RESEARCH PARK DRIVE', '3915', 'RESEARCH PARK DR', 'ANN ARBOR', 'MI', '48108', '42.2357807', '-83.7341697', '1005352', 0),
('33', 'NORTH CAMPUS SWITCH STATION', '2595', 'DRAPER DR', 'ANN ARBOR', 'MI', '48109-2120', '42.2929504', '-83.7101313', '1000408', 1),
('34', 'AEROSPACE ENGINEERING LAB PROPULSION LAB', '2601', 'DRAPER DR', 'ANN ARBOR', 'MI', '48109-2101', '42.2929744', '-83.7104178', '1000422', 3),
('35', 'AERO ENG LAB PUMPING STATION', '2605', 'DRAPER DR', 'ANN ARBOR', 'MI', '48109-2101', '42.2938432', '-83.709974', '1000423', 0),
('36', 'EAST QUADRANGLE', '701', 'UNIVERSITY AVE', 'ANN ARBOR', 'MI', '48109-1245', '42.2729287', '-83.7351593', '1000054', 22),
('37', 'ENGINEERING RESEARCH BUILDING 1', '2200', 'BONISTEEL BLVD', 'ANN ARBOR', 'MI', '48109-2099', '42.2895734', '-83.7144789', '1000435', 7),
('38', 'MICHIGAN OFFICE MOVERS', '3530', 'ELLSWORTH RD', 'ANN ARBOR', 'MI', '48108', '42.2304687', '-83.6894572', '1005233', 0),
('39', 'MICHIGAN COMPUTER SUPPLIES', '4403', 'CONCOURSE DR', 'ANN ARBOR', 'MI', '48108', '0.0', '0.0', '1005250', 0),
('40', 'BAXTER ROAD MONITORING SHED', '3256', 'BAXTER RD', 'ANN ARBOR', 'MI', '48109', '42.2971872', '-83.7015785', '1005290', 0),
('41', '1736 BROADWAY HOUSE', '1736', 'BROADWAY ST', 'ANN ARBOR', 'MI', '48105-1814', '42.2972749', '-83.7219604', '1000885', 0),
('42', '1736 BROADWAY GARAGE', '1736', 'BROADWAY ST', 'ANN ARBOR', 'MI', '48105-1814', '42.2972749', '-83.7219604', '1000891', 0),
('43', 'NATIONAL STORAGE CENTER', '1645', 'PLYMOUTH RD', 'ANN ARBOR', 'MI', '48105-1824', '42.2969568', '-83.7296018', '1005208', 0),
('44', 'ONE NORTH MAIN', '101', 'MAIN ST', 'ANN ARBOR', 'MI', '48104-5517', '0.0', '0.0', '1005118', 0),
('45', 'NORTH CAMPUS RESEARCH COMPLEX BUILDING 500', '1600', 'HURON PKWY', 'ANN ARBOR', 'MI', '48109-2800', '42.297726', '-83.704761', '1005280', 0),
('46', 'GLEN AVE PARKING STRUCTURE', '333', 'GLEN AVE', 'ANN ARBOR', 'MI', '48104-1625', '42.282816', '-83.735705', '1000331', 0),
('47', 'MOSHER ELIZA M HALL AND JORDAN MYRA B HALL', '200', 'OBSERVATORY ST', 'ANN ARBOR', 'MI', '48109-2035', '42.2800791', '-83.7315367', '1000061', 8),
('48', 'RAHS HEALTH CENTER SCARLETT MIDDLE SCHOOL', '3300', 'LORRAINE ST', 'ANN ARBOR', 'MI', '48108-1970', '42.2351322', '-83.6926817', '1005214', 1),
('49', 'VAUGHAN VICTOR C HOUSE', '1111', 'CATHERINE ST', 'ANN ARBOR', 'MI', '48109-2054', '42.2832896', '-83.7337444', '1000065', 17),
('50', 'PRESIDENTS RESIDENCE', '815', 'UNIVERSITY AVE', 'ANN ARBOR', 'MI', '48109-1189', '42.2753662', '-83.7385511', '1000203', 0),
('51', 'WEIDENBACH JOHN P HALL', '1000', 'STATE ST', 'ANN ARBOR', 'MI', '48109-2201', '42.26957', '-83.740684', '1000731', 5),
('52', 'SCHOOL OF NURSING BUILDING 2', '426', 'INGALLS ST', 'ANN ARBOR', 'MI', '48109', '42.2846319', '-83.7386714', '1005347', 11),
('53', 'MEDICAL SCIENCE UNIT I', '1301', 'CATHERINE ST', 'ANN ARBOR', 'MI', '48109-2026', '42.2840312', '-83.7321918', '1000190', 20),
('54', 'NORTH CAMPUS RESEARCH COMPLEX BUILDING 70', '2800', 'PLYMOUTH RD', 'ANN ARBOR', 'MI', '48109-2800', '42.3024883', '-83.7057586', '1005271', 0),
('55', 'NORTH CAMPUS GROUNDS STORAGE SHED', '2550', 'DRAPER DR', 'ANN ARBOR', 'MI', '48109-2115', '42.2929504', '-83.7101313', '1005297', 0),
('56', 'ELBEL FIELD AUDIOVISUAL BOOTH', '616', 'FIFTH AVE', 'ANN ARBOR', 'MI', '48104', '42.2862713', '-83.7456476', '1005589', 0),
('57', 'OBSERVATORY HALL', '201', 'OBSERVATORY ST', 'ANN ARBOR', 'MI', '48109-2013', '42.2820902', '-83.7309587', '1000851', 10),
('58', 'GLAZIER BUILDING', '115', 'HURON ST', 'ANN ARBOR', 'MI', '48104-1318', '42.2812982', '-83.7489529', '1005500', 0),
('59', 'RADRICK FARMS COMFORT STATION #2', '4895', 'GEDDES RD', 'ANN ARBOR', 'MI', '48105-9515', '42.276735', '-83.6927807', '1005331', 2),
('60', 'PALMER DRIVE PARKING STRUCTURE', '200', 'WASHTENAW AVE', 'ANN ARBOR', 'MI', '48109', '42.2593497', '-83.7104997', '1000263', 0),
('61', 'NORTH CAMPUS RESEARCH COMPLEX BUILDING 73', '2800', 'PLYMOUTH RD', 'ANN ARBOR', 'MI', '48109-2800', '42.3024883', '-83.7057586', '1005272', 0),
('62', 'MODULAR ACCELERATOR BUILDING', '1500', 'MEDICAL CENTER DR', 'ANN ARBOR', 'MI', '48109-5000', '42.2821095', '-83.7273205', '1005367', 6),
('63', 'HURON TOWERS', '2200', 'FULLER CT', 'ANN ARBOR', 'MI', '48105-2311', '42.285586', '-83.7175674', '1000869', 0),
('64', 'NORTH CAMPUS RESEARCH COMPLEX BUILDING 86', '2800', 'PLYMOUTH RD', 'ANN ARBOR', 'MI', '48109-2800', '42.3024883', '-83.7057586', '1005335', 0),
('65', '3520 GREEN COURT', '3520', 'GREEN CT', 'ANN ARBOR', 'MI', '48105', '42.3020273', '-83.6897783', '1005574', 16),
('66', 'NEWBERRY HELEN H RESIDENCE', '432', 'STATE ST', 'ANN ARBOR', 'MI', '48109-1329', '42.2769675', '-83.7415475', '1000062', 0),
('67', 'AUXILIARY SERVICES BUILDING 1', '1919', 'GREEN RD', 'ANN ARBOR', 'MI', '48109-2564', '42.3026838', '-83.6927101', '1002501', 7),
('68', '2650 CARPENTER ROAD', '2650', 'CARPENTER RD', 'ANN ARBOR', 'MI', '48108', '0.0', '0.0', '1005514', 0),
('69', '730 S DIVISION ST', '730', 'DIVISION ST', 'ANN ARBOR', 'MI', '48104', '42.27214', '-83.744499', '1005596', 0),
('70', 'TAUBMAN A ALFRED HEALTH SCIENCES LIBRARY', '1135', 'CATHERINE ST', 'ANN ARBOR', 'MI', '48109', '42.2835294', '-83.7345337', '1000209', 15),
('71', 'JUNGE FAMILY CHAMPIONS CENTER', '333', 'STADIUM BLVD', 'ANN ARBOR', 'MI', '48104', '42.2640716', '-83.7522512', '1005160', 2),
('72', '323  JOHN ST', '323', 'JOHN ST', 'ANN ARBOR', 'MI', '48104', '42.2731141', '-83.7454266', '1005542', 0),
('73', 'BAITS VERA I SMITH HOUSE', '1220', 'HUBBARD ST', 'ANN ARBOR', 'MI', '48109-2030', '42.2953195', '-83.7047363', '1000513', 0),
('74', 'WALL STREET WEST PARKING STRUCTURE', '959', 'WALL ST', 'ANN ARBOR', 'MI', '48105', '42.289318', '-83.7385591', '1005430', 0),
('75', 'BAITS VERA II THIEME HOUSE', '1421', 'HUBBARD ST', 'ANN ARBOR', 'MI', '48109', '42.2953195', '-83.7047363', '1000518', 2),
('76', 'NORTH CAMPUS RESEARCH COMPLEX BUILDING 28', '2800', 'PLYMOUTH RD', 'ANN ARBOR', 'MI', '48109-2800', '42.3024883', '-83.7057586', '1005264', 14),
('77', 'RAHS HLTH CTR PIONEER HIGH SCHOOL', '601', 'STADIUM BLVD', 'ANN ARBOR', 'MI', '48103', '42.2621878', '-83.7506208', '1088008', 0),
('78', '1776 ELLSWORTH RD', '1776', 'ELLSWORTH RD', 'ANN ARBOR', 'MI', '48108-2407', '42.2293117', '-83.7210237', '1005374', 0),
('79', 'MEDICAL SCIENCES RESEARCH BLDG I', '1150', 'MEDICAL CENTER DR', 'ANN ARBOR', 'MI', '48109-5600', '42.2845036', '-83.7342888', '1000223', 24),
('80', 'NORTH CAMPUS RESEARCH COMPLEX BUILDING 10', '2800', 'PLYMOUTH RD', 'ANN ARBOR', 'MI', '48109-2800', '42.3024883', '-83.7057586', '1005253', 6),
('81', '1032 GREENE BUILDING', '1032', 'GREENE ST', 'ANN ARBOR', 'MI', '48109-1402', '42.2682794', '-83.7478411', '1000816', 2),
('82', 'FUTURE PROBLEM SOLVING', '2500', 'PACKARD ST', 'ANN ARBOR', 'MI', '48104-6827', '42.2507236', '-83.7234999', '1005021', 0),
('83', 'TOWSLEY CHILDRENS HOUSE', '710', 'FOREST AVE', 'ANN ARBOR', 'MI', '48109', '42.2734139', '-83.7336178', '1005240', 5),
('84', 'INTERCOLLEGIATE SOCCER STADIUM', '2323', 'MAIN ST', 'ANN ARBOR', 'MI', '48103', '42.2520214', '-83.7495293', '1005247', 9),
('85', 'UNIVERSITY HOSPITAL SOUTH UNIT 3', '1517', 'HOSPITAL DR', 'ANN ARBOR', 'MI', '48109', '42.2823309', '-83.7285233', '1000314', 2),
('86', 'NORTH CAMPUS CHILLER PLANT', '2570', 'DRAPER DR', 'ANN ARBOR', 'MI', '48109-2115', '42.2925119', '-83.7091228', '1005139', 0),
('87', 'FOREST AVE PARKING STRUCTURE', '650', 'FOREST AVE', 'ANN ARBOR', 'MI', '48104-3115', '42.2741264', '-83.7336644', '1005049', 0),
('88', 'ATRIUM IV OFFICE CENTER', '1100', 'VICTORS WAY', 'ANN ARBOR', 'MI', '48108-5220', '42.2393601', '-83.7332969', '1005447', 0),
('89', 'LACROSSE STADIUM', '2500', 'STATE ST', 'ANN ARBOR', 'MI', '48109', '42.249837', '-83.739534', '1005395', 2),
('90', 'TAUBMAN A ALFRED BIOMEDICAL SCIENCE RESEARCH BLDG', '109', 'ZINA PITCHER PL', 'ANN ARBOR', 'MI', '48109-2200', '42.28187', '-83.7345846', '1005037', 8),
('91', 'NAVAL ARCHITECTURE AND MARINE ENGINEERING', '2600', 'DRAPER DR', 'ANN ARBOR', 'MI', '48109-2145', '42.2930839', '-83.7091305', '1000415', 4),
('92', 'COOLEY MORTIMER E BUILDING', '2355', 'BONISTEEL BLVD', 'ANN ARBOR', 'MI', '48109-2104', '42.2906331', '-83.7136628', '1000403', 8),
('93', 'ENGINEERING AUXILIARY BUILDING', '1075', 'BEAL AVE', 'ANN ARBOR', 'MI', '48109-2112', '42.2889301', '-83.7144142', '1000420', 6),
('94', 'ANN ARBOR PLAZA', '1220', 'UNIVERSITY AVE', 'ANN ARBOR', 'MI', '48104-2585', '42.2680013', '-83.7371635', '1005081', 0),
('95', '880 TECHNOLOGY DRIVE', '880', 'TECHNOLOGY DR, STE B', 'ANN ARBOR', 'MI', '48108', '0.0', '0.0', '1005495', 0),
('96', 'MEDICAL PROFESSIONAL BUILDING', '1522', 'SIMPSON DR', 'ANN ARBOR', 'MI', '48109-5718', '42.2829327', '-83.7296879', '1000319', 3),
('97', 'LACROSSE TICKET BUILDING', '2510', 'STATE ST', 'ANN ARBOR', 'MI', '48109', '42.249747', '-83.739531', '1005396', 0),
('98', 'TRACK AND FIELD STADIUM', '2560', 'STATE ST', 'ANN ARBOR', 'MI', '48109', '42.249297', '-83.7395159', '1005397', 0),
('99', 'PERFORMANCE CENTER', '2530', 'STATE ST', 'ANN ARBOR', 'MI', '48109', '42.249567', '-83.7395249', '1005399', 18),
('100', 'BARBOUR BETSY HOUSE', '420', 'STATE ST', 'ANN ARBOR', 'MI', '48109-1328', '42.2772997', '-83.7415514', '1000051', 1);


INSERT INTO rooms(room_id, floor, room_number, room_record_number, building_record_number) VALUES
("0", "01", "1509T","2125358","1005224"),
("1", "01", "1506T","2125355","1005224"),
("2", "04", "4823W","2115868","1005092"),
("3", "04", "4823","2115867","1005092"),
("4", "04", "4821M","2115866","1005092"),
("5", "04", "4615","2115824","1005092"),
("6", "04", "4613","2115823","1005092"),
("7", "03", "3823W","2115768","1005092"),
("8", "03", "3823","2115767","1005092"),
("9", "03", "3821M","2115766","1005092"),
("10", "03", "3613","2115723","1005092"),
("11", "02", "2833M","2115688","1005092"),
("12", "02", "2831W","2115686","1005092"),
("13", "01", "1664W","2115631","1005092"),
("14", "01", "1660M","2115629","1005092"),
("15", "06", "6110M","2044328","1000435"),
("16", "05", "5110W","2044306","1000435"),
("17", "04", "4110W","2044281","1000435"),
("18", "03", "3110M","2044256","1000435"),
("19", "02", "2110M","2044231","1000435"),
("20", "0B", "116T","2044194","1000435"),
("21", "0B", "114T","2044188","1000435"),
("22", "02", "2924M","2041929","1000403"),
("23", "02", "2924A","2041927","1000403"),
("24", "02", "2922W","2041923","1000403"),
("25", "01", "1924M","2041868","1000403"),
("26", "01", "1924A","2041866","1000403"),
("27", "01", "1922W","2041865","1000403"),
("28", "01", "1918T","2041858","1000403"),
("29", "0G", "G912T","2041824","1000403"),
("30", "04", "4129T","2184696","1005418"),
("31", "04", "4125T","2184694","1005418"),
("32", "03", "3129T","2184619","1005418"),
("33", "03", "3125T","2184617","1005418"),
("34", "02", "2129T","2184537","1005418"),
("35", "02", "2125T","2184535","1005418"),
("36", "02", "2121T","2184533","1005418"),
("37", "01", "1129T","2184474","1005418"),
("38", "01", "1125T","2184472","1005418");

INSERT INTO users(user_id, username) VALUES
("0", "Alex"),
("1", "Ty"),
("2", "Dennis");

INSERT INTO reviews(id, room_record_number, user_id, stars, created_at, review_text, room_id) VALUES
("0", "2115867", "0", 4, "09-28-2025", "Good Bathroom", "3"),
("1", "2115867", "1", 2, "09-28-2025", "Bad Bathroom", "3"),
("2", "2115866", "2", 4, "09-28-2025", "Good Bathroom", "4"),
("3", "2115823", "0", 5, "09-28-2025", "Fantastic Bathroom", "6"),
("4", "2115766", "1", 3, "09-28-2025", "Dirty Bathroom", "9");